{
    "boxCoords": [
        [52.5, 35],
        [63.13, 27.29],
        [66.67, 43.86],
        [74.17, 45.86],
        [79.79, 52.14],
        [52.81, 61.71],
        [64.69, 81.14],
        [26.77, 51.57],
        [24.69, 5.14],
        [19.48, 16.86],
        [34.48, 11.29],
        [28.23, 26.29],
        [10.42, 29],
        [19.48, 37.71]
    ],
    "shopButtons": ["SHOP HELMETS", "SHOP SUNGLASSES", "SHOP APPAREL", "SHOP HYDRATION", "SHOP STORAGE", "SHOP TOOLS", "SHOP LIGHTING", "SHOP TECH"],
    "slidesData": [{
        "src": "assets/images/smith-helmet.jpg",
        "srcSmall": "assets/images/smith-helmet-small.jpg",
        "srcMedium": "assets/images/smith-helmet-medium.jpg",
        "alt": "smith overtake helmet",
        "info": "As classic as a little black dress, the women's Smith Arrival Snow Helmet delivers the proven fit and function you expect from a Smith helmet, all with a ladylike polish and style."
    }, {
        "src": "assets/images/gopro-camera.jpg",
        "srcSmall": "assets/images/gopro-camera-small.jpg",
        "srcMedium": "assets/images/gopro-camera-medium.jpg",
        "alt": "smith overtake helmet",
        "info": "As classic as a little black dress, the women's Smith Arrival Snow Helmet delivers the proven fit and function you expect from a Smith helmet, all with a ladylike polish and style."
    }, {
        "src": "assets/images/lezyne-tool.jpg",
        "srcSmall": "assets/images/lezyne-tool-small.jpg",
        "srcMedium": "assets/images/lezyne-tool-medium.jpg",
        "alt": "smith overtake helmet",
        "info": "As classic as a little black dress, the women's Smith Arrival Snow Helmet delivers the proven fit and function you expect from a Smith helmet, all with a ladylike polish and style."
    }, {
        "src": "assets/images/smith-helmet.jpg",
        "srcSmall": "assets/images/smith-helmet-small.jpg",
        "srcMedium": "assets/images/smith-helmet-medium.jpg",
        "alt": "smith overtake helmet",
        "info": "As classic as a little black dress, the women's Smith Arrival Snow Helmet delivers the proven fit and function you expect from a Smith helmet, all with a ladylike polish and style."
    }, {
        "src": "assets/images/gopro-camera.jpg",
        "srcSmall": "assets/images/gopro-camera-small.jpg",
        "srcMedium": "assets/images/gopro-camera-medium.jpg",
        "alt": "smith overtake helmet",
        "info": "As classic as a little black dress, the women's Smith Arrival Snow Helmet delivers the proven fit and function you expect from a Smith helmet, all with a ladylike polish and style."
    }, {
        "src": "assets/images/lezyne-tool.jpg",
        "srcSmall": "assets/images/lezyne-tool-small.jpg",
        "srcMedium": "assets/images/lezyne-tool-medium.jpg",
        "alt": "smith overtake helmet",
        "info": "As classic as a little black dress, the women's Smith Arrival Snow Helmet delivers the proven fit and function you expect from a Smith helmet, all with a ladylike polish and style."
    }, {
        "src": "assets/images/smith-helmet.jpg",
        "srcSmall": "assets/images/smith-helmet-small.jpg",
        "srcMedium": "assets/images/smith-helmet-medium.jpg",
        "alt": "smith overtake helmet",
        "info": "As classic as a little black dress, the women's Smith Arrival Snow Helmet delivers the proven fit and function you expect from a Smith helmet, all with a ladylike polish and style."
    }, {
        "src": "assets/images/gopro-camera.jpg",
        "srcSmall": "assets/images/gopro-camera-small.jpg",
        "srcMedium": "assets/images/gopro-camera-medium.jpg",
        "alt": "smith overtake helmet",
        "info": "As classic as a little black dress, the women's Smith Arrival Snow Helmet delivers the proven fit and function you expect from a Smith helmet, all with a ladylike polish and style."
    }, {
        "src": "assets/images/lezyne-tool.jpg",
        "srcSmall": "assets/images/lezyne-tool-small.jpg",
        "srcMedium": "assets/images/lezyne-tool-medium.jpg",
        "alt": "smith overtake helmet",
        "info": "As classic as a little black dress, the women's Smith Arrival Snow Helmet delivers the proven fit and function you expect from a Smith helmet, all with a ladylike polish and style."
    }, {
        "src": "assets/images/smith-helmet.jpg",
        "srcSmall": "assets/images/smith-helmet-small.jpg",
        "srcMedium": "assets/images/smith-helmet-medium.jpg",
        "alt": "smith overtake helmet",
        "info": "As classic as a little black dress, the women's Smith Arrival Snow Helmet delivers the proven fit and function you expect from a Smith helmet, all with a ladylike polish and style."
    }, {
        "src": "assets/images/gopro-camera.jpg",
        "srcSmall": "assets/images/gopro-camera-small.jpg",
        "srcMedium": "assets/images/gopro-camera-medium.jpg",
        "alt": "smith overtake helmet",
        "info": "As classic as a little black dress, the women's Smith Arrival Snow Helmet delivers the proven fit and function you expect from a Smith helmet, all with a ladylike polish and style."
    }, {
        "src": "assets/images/lezyne-tool.jpg",
        "srcSmall": "assets/images/lezyne-tool-small.jpg",
        "srcMedium": "assets/images/lezyne-tool-medium.jpg",
        "alt": "smith overtake helmet",
        "info": "As classic as a little black dress, the women's Smith Arrival Snow Helmet delivers the proven fit and function you expect from a Smith helmet, all with a ladylike polish and style."
    }, {
        "src": "assets/images/smith-helmet.jpg",
        "srcSmall": "assets/images/smith-helmet-small.jpg",
        "srcMedium": "assets/images/smith-helmet-medium.jpg",
        "alt": "smith overtake helmet",
        "info": "As classic as a little black dress, the women's Smith Arrival Snow Helmet delivers the proven fit and function you expect from a Smith helmet, all with a ladylike polish and style."
    }, {
        "src": "assets/images/gopro-camera.jpg",
        "srcSmall": "assets/images/gopro-camera-small.jpg",
        "srcMedium": "assets/images/gopro-camera-medium.jpg",
        "alt": "smith overtake helmet",
        "info": "As classic as a little black dress, the women's Smith Arrival Snow Helmet delivers the proven fit and function you expect from a Smith helmet, all with a ladylike polish and style."
    }],
    "companyLogos": [{
        "src": "assets/brand-gopro.png",
        "alt": "gopro logo"
    },
    {
        "src": "assets/brand-smith.png",
        "alt": "smith logo"
    },
    {
        "src": "assets/brand-platypus.png",
        "alt": "platypus logo"
    },
    {
        "src": "assets/brand-camelbak.png",
        "alt": "camelbak logo"
    },
    {
        "src": "assets/brand-lezyne.png",
        "alt": "lezyne logo"
    },
    {
        "src": "assets/brand-serfas.png",
        "alt": "serfas logo"
    },
    {
        "src": "assets/brand-zoic.png",
        "alt": "zoic logo"
    }]
}
